id,source_neural_network,num_of_calls,parameters
#0,configs--face--2d_kpt_sview_rgb_img--topdown_heatmap--wflw--hrnetv2_w18_wflw_256x256_awing.py,5,"{'condition': [[2, 98, 64, 64]], 'tensor1': [[2, 98, 64, 64]], 'tensor2': [[2, 98, 64, 64]]}"
#1,tood_x101_64x4d_fpn_dconv_c4-c5_mstrain_2x_coco,1,"{'condition': [[2, 4, 92, 124]], 'tensor1': [[2, 4, 92, 124]], 'tensor2': [[2, 4, 92, 124]]}"
#2,tood_x101_64x4d_fpn_dconv_c4-c5_mstrain_2x_coco,1,"{'condition': [[2, 4, 46, 62]], 'tensor1': [[2, 4, 46, 62]], 'tensor2': [[2, 4, 46, 62]]}"
#3,tood_x101_64x4d_fpn_dconv_c4-c5_mstrain_2x_coco,1,"{'condition': [[2, 4, 23, 31]], 'tensor1': [[2, 4, 23, 31]], 'tensor2': [[2, 4, 23, 31]]}"
#4,tood_x101_64x4d_fpn_dconv_c4-c5_mstrain_2x_coco,1,"{'condition': [[2, 4, 12, 16]], 'tensor1': [[2, 4, 12, 16]], 'tensor2': [[2, 4, 12, 16]]}"
#5,tood_x101_64x4d_fpn_dconv_c4-c5_mstrain_2x_coco,1,"{'condition': [[2, 4, 6, 8]], 'tensor1': [[2, 4, 6, 8]], 'tensor2': [[2, 4, 6, 8]]}"
#6,tood_x101_64x4d_fpn_dconv_c4-c5_mstrain_2x_coco,1,"{'condition': [[2, 4, 128, 96]], 'tensor1': [[2, 4, 128, 96]], 'tensor2': [[2, 4, 128, 96]]}"
#7,tood_x101_64x4d_fpn_dconv_c4-c5_mstrain_2x_coco,1,"{'condition': [[2, 4, 64, 48]], 'tensor1': [[2, 4, 64, 48]], 'tensor2': [[2, 4, 64, 48]]}"
#8,tood_x101_64x4d_fpn_dconv_c4-c5_mstrain_2x_coco,1,"{'condition': [[2, 4, 32, 24]], 'tensor1': [[2, 4, 32, 24]], 'tensor2': [[2, 4, 32, 24]]}"
#9,tood_x101_64x4d_fpn_dconv_c4-c5_mstrain_2x_coco,1,"{'condition': [[2, 4, 16, 12]], 'tensor1': [[2, 4, 16, 12]], 'tensor2': [[2, 4, 16, 12]]}"
#10,tood_x101_64x4d_fpn_dconv_c4-c5_mstrain_2x_coco,1,"{'condition': [[2, 4, 8, 6]], 'tensor1': [[2, 4, 8, 6]], 'tensor2': [[2, 4, 8, 6]]}"
#11,tood_x101_64x4d_fpn_dconv_c4-c5_mstrain_2x_coco,1,"{'condition': [[2, 4, 76, 104]], 'tensor1': [[2, 4, 76, 104]], 'tensor2': [[2, 4, 76, 104]]}"
#12,tood_x101_64x4d_fpn_dconv_c4-c5_mstrain_2x_coco,1,"{'condition': [[2, 4, 38, 52]], 'tensor1': [[2, 4, 38, 52]], 'tensor2': [[2, 4, 38, 52]]}"
#13,tood_x101_64x4d_fpn_dconv_c4-c5_mstrain_2x_coco,1,"{'condition': [[2, 4, 19, 26]], 'tensor1': [[2, 4, 19, 26]], 'tensor2': [[2, 4, 19, 26]]}"
#14,tood_x101_64x4d_fpn_dconv_c4-c5_mstrain_2x_coco,1,"{'condition': [[2, 4, 10, 13]], 'tensor1': [[2, 4, 10, 13]], 'tensor2': [[2, 4, 10, 13]]}"
#15,tood_x101_64x4d_fpn_dconv_c4-c5_mstrain_2x_coco,1,"{'condition': [[2, 4, 5, 7]], 'tensor1': [[2, 4, 5, 7]], 'tensor2': [[2, 4, 5, 7]]}"
#16,tood_x101_64x4d_fpn_dconv_c4-c5_mstrain_2x_coco,1,"{'condition': [[2, 4, 80, 144]], 'tensor1': [[2, 4, 80, 144]], 'tensor2': [[2, 4, 80, 144]]}"
#17,tood_x101_64x4d_fpn_dconv_c4-c5_mstrain_2x_coco,1,"{'condition': [[2, 4, 40, 72]], 'tensor1': [[2, 4, 40, 72]], 'tensor2': [[2, 4, 40, 72]]}"
#18,tood_x101_64x4d_fpn_dconv_c4-c5_mstrain_2x_coco,1,"{'condition': [[2, 4, 20, 36]], 'tensor1': [[2, 4, 20, 36]], 'tensor2': [[2, 4, 20, 36]]}"
#19,tood_x101_64x4d_fpn_dconv_c4-c5_mstrain_2x_coco,1,"{'condition': [[2, 4, 10, 18]], 'tensor1': [[2, 4, 10, 18]], 'tensor2': [[2, 4, 10, 18]]}"
#20,tood_x101_64x4d_fpn_dconv_c4-c5_mstrain_2x_coco,1,"{'condition': [[2, 4, 5, 9]], 'tensor1': [[2, 4, 5, 9]], 'tensor2': [[2, 4, 5, 9]]}"
#21,tood_x101_64x4d_fpn_dconv_c4-c5_mstrain_2x_coco,1,"{'condition': [[2, 4, 84, 112]], 'tensor1': [[2, 4, 84, 112]], 'tensor2': [[2, 4, 84, 112]]}"
#22,tood_x101_64x4d_fpn_dconv_c4-c5_mstrain_2x_coco,1,"{'condition': [[2, 4, 42, 56]], 'tensor1': [[2, 4, 42, 56]], 'tensor2': [[2, 4, 42, 56]]}"
#23,tood_x101_64x4d_fpn_dconv_c4-c5_mstrain_2x_coco,1,"{'condition': [[2, 4, 21, 28]], 'tensor1': [[2, 4, 21, 28]], 'tensor2': [[2, 4, 21, 28]]}"
#24,tood_x101_64x4d_fpn_dconv_c4-c5_mstrain_2x_coco,1,"{'condition': [[2, 4, 11, 14]], 'tensor1': [[2, 4, 11, 14]], 'tensor2': [[2, 4, 11, 14]]}"
#25,tood_x101_64x4d_fpn_dconv_c4-c5_mstrain_2x_coco,1,"{'condition': [[2, 4, 6, 7]], 'tensor1': [[2, 4, 6, 7]], 'tensor2': [[2, 4, 6, 7]]}"
#26,ddpm_cosine_hybird_timestep-4k_drop0.3_cifar10_32x32_b8x16_500k,10,"{'condition': [[0, 3, 32, 32]], 'tensor1': [[0, 3, 32, 32]], 'tensor2': [[0, 3, 32, 32]]}"
#27,yolact_r50_8x8_coco,40,"{'condition': [[19248, 4]], 'tensor1': [[19248, 4]], 'tensor2': [[19248, 4]]}"
#28,neg-margin_cosine_conv4_1xb64_cub_5way-1shot,5,"{'condition': [[64, 100]], 'tensor1': [[64, 100]], 'tensor2': [[64, 100]]}"
#29,dh_faster_rcnn_r50_fpn_1x_coco,1,"{'condition': [[17, 4]], 'tensor1': [[17, 4]], 'tensor2': [[17, 4]]}"
#30,dh_faster_rcnn_r50_fpn_1x_coco,1,"{'condition': [[22, 4]], 'tensor1': [[22, 4]], 'tensor2': [[22, 4]]}"
#31,dh_faster_rcnn_r50_fpn_1x_coco,1,"{'condition': [[21, 4]], 'tensor1': [[21, 4]], 'tensor2': [[21, 4]]}"
#32,dh_faster_rcnn_r50_fpn_1x_coco,1,"{'condition': [[32, 4]], 'tensor1': [[32, 4]], 'tensor2': [[32, 4]]}"
#33,dh_faster_rcnn_r50_fpn_1x_coco,1,"{'condition': [[27, 4]], 'tensor1': [[27, 4]], 'tensor2': [[27, 4]]}"
#34,configs--face--2d_kpt_sview_rgb_img--deeppose--wflw--res50_wflw_256x256_wingloss.py,5,"{'condition': [[2, 98, 2]], 'tensor1': [[2, 98, 2]], 'tensor2': [[2, 98, 2]]}"
#35,bbox_r50_grid_fpn_gn-neck+head_1x_coco,6,"{'condition': [[30400, 4]], 'tensor1': [[30400, 4]], 'tensor2': [[30400, 4]]}"
#36,bbox_r50_grid_fpn_gn-neck+head_1x_coco,6,"{'condition': [[7600, 4]], 'tensor1': [[7600, 4]], 'tensor2': [[7600, 4]]}"
#37,bbox_r50_grid_fpn_gn-neck+head_1x_coco,6,"{'condition': [[1900, 4]], 'tensor1': [[1900, 4]], 'tensor2': [[1900, 4]]}"
#38,bbox_r50_grid_fpn_gn-neck+head_1x_coco,6,"{'condition': [[494, 4]], 'tensor1': [[494, 4]], 'tensor2': [[494, 4]]}"
#39,bbox_r50_grid_fpn_gn-neck+head_1x_coco,6,"{'condition': [[140, 4]], 'tensor1': [[140, 4]], 'tensor2': [[140, 4]]}"
#40,bbox_r50_grid_fpn_gn-neck+head_1x_coco,2,"{'condition': [[20000, 4]], 'tensor1': [[20000, 4]], 'tensor2': [[20000, 4]]}"
#41,bbox_r50_grid_fpn_gn-neck+head_1x_coco,2,"{'condition': [[5000, 4]], 'tensor1': [[5000, 4]], 'tensor2': [[5000, 4]]}"
#42,bbox_r50_grid_fpn_gn-neck+head_1x_coco,2,"{'condition': [[1250, 4]], 'tensor1': [[1250, 4]], 'tensor2': [[1250, 4]]}"
#43,bbox_r50_grid_fpn_gn-neck+head_1x_coco,2,"{'condition': [[338, 4]], 'tensor1': [[338, 4]], 'tensor2': [[338, 4]]}"
#44,bbox_r50_grid_fpn_gn-neck+head_1x_coco,2,"{'condition': [[98, 4]], 'tensor1': [[98, 4]], 'tensor2': [[98, 4]]}"
#45,bbox_r50_grid_fpn_gn-neck+head_1x_coco,2,"{'condition': [[33600, 4]], 'tensor1': [[33600, 4]], 'tensor2': [[33600, 4]]}"
#46,bbox_r50_grid_fpn_gn-neck+head_1x_coco,2,"{'condition': [[8400, 4]], 'tensor1': [[8400, 4]], 'tensor2': [[8400, 4]]}"
#47,bbox_r50_grid_fpn_gn-neck+head_1x_coco,2,"{'condition': [[2100, 4]], 'tensor1': [[2100, 4]], 'tensor2': [[2100, 4]]}"
#48,bbox_r50_grid_fpn_gn-neck+head_1x_coco,2,"{'condition': [[546, 4]], 'tensor1': [[546, 4]], 'tensor2': [[546, 4]]}"
#49,bbox_r50_grid_fpn_gn-neck+head_1x_coco,2,"{'condition': [[154, 4]], 'tensor1': [[154, 4]], 'tensor2': [[154, 4]]}"
#50,retinanet_free_anchor_r50_fpn_1x_coco,2,"{'condition': [[5, 50, 4]], 'tensor1': [[5, 50, 4]], 'tensor2': [[5, 50, 4]]}"
#51,retinanet_free_anchor_r50_fpn_1x_coco,1,"{'condition': [[6, 50, 4]], 'tensor1': [[6, 50, 4]], 'tensor2': [[6, 50, 4]]}"
#52,retinanet_free_anchor_r50_fpn_1x_coco,1,"{'condition': [[12, 50, 4]], 'tensor1': [[12, 50, 4]], 'tensor2': [[12, 50, 4]]}"
#53,retinanet_free_anchor_r50_fpn_1x_coco,3,"{'condition': [[1, 50, 4]], 'tensor1': [[1, 50, 4]], 'tensor2': [[1, 50, 4]]}"
#54,retinanet_free_anchor_r50_fpn_1x_coco,1,"{'condition': [[7, 50, 4]], 'tensor1': [[7, 50, 4]], 'tensor2': [[7, 50, 4]]}"
#55,retinanet_free_anchor_r50_fpn_1x_coco,2,"{'condition': [[11, 50, 4]], 'tensor1': [[11, 50, 4]], 'tensor2': [[11, 50, 4]]}"
#56,detectors_htc_r50_1x_coco,1,"{'condition': [[326400, 4]], 'tensor1': [[326400, 4]], 'tensor2': [[326400, 4]]}"
#57,detectors_htc_r50_1x_coco,1,"{'condition': [[81600, 4]], 'tensor1': [[81600, 4]], 'tensor2': [[81600, 4]]}"
#58,detectors_htc_r50_1x_coco,1,"{'condition': [[20400, 4]], 'tensor1': [[20400, 4]], 'tensor2': [[20400, 4]]}"
#59,detectors_htc_r50_1x_coco,1,"{'condition': [[5100, 4]], 'tensor1': [[5100, 4]], 'tensor2': [[5100, 4]]}"
#60,detectors_htc_r50_1x_coco,1,"{'condition': [[1326, 4]], 'tensor1': [[1326, 4]], 'tensor2': [[1326, 4]]}"
#61,detectors_htc_r50_1x_coco,1,"{'condition': [[50, 4]], 'tensor1': [[50, 4]], 'tensor2': [[50, 4]]}"
#62,detectors_htc_r50_1x_coco,1,"{'condition': [[28, 4]], 'tensor1': [[28, 4]], 'tensor2': [[28, 4]]}"
#63,detectors_htc_r50_1x_coco,1,"{'condition': [[25, 4]], 'tensor1': [[25, 4]], 'tensor2': [[25, 4]]}"
#64,detectors_htc_r50_1x_coco,1,"{'condition': [[403200, 4]], 'tensor1': [[403200, 4]], 'tensor2': [[403200, 4]]}"
#65,detectors_htc_r50_1x_coco,1,"{'condition': [[100800, 4]], 'tensor1': [[100800, 4]], 'tensor2': [[100800, 4]]}"
#66,detectors_htc_r50_1x_coco,1,"{'condition': [[25200, 4]], 'tensor1': [[25200, 4]], 'tensor2': [[25200, 4]]}"
#67,detectors_htc_r50_1x_coco,1,"{'condition': [[6300, 4]], 'tensor1': [[6300, 4]], 'tensor2': [[6300, 4]]}"
#68,detectors_htc_r50_1x_coco,1,"{'condition': [[1638, 4]], 'tensor1': [[1638, 4]], 'tensor2': [[1638, 4]]}"
#69,detectors_htc_r50_1x_coco,1,"{'condition': [[26, 4]], 'tensor1': [[26, 4]], 'tensor2': [[26, 4]]}"
#70,detectors_htc_r50_1x_coco,1,"{'condition': [[23, 4]], 'tensor1': [[23, 4]], 'tensor2': [[23, 4]]}"
#71,detectors_htc_r50_1x_coco,1,"{'condition': [[19, 4]], 'tensor1': [[19, 4]], 'tensor2': [[19, 4]]}"
#72,detectors_htc_r50_1x_coco,2,"{'condition': [[364800, 4]], 'tensor1': [[364800, 4]], 'tensor2': [[364800, 4]]}"
#73,detectors_htc_r50_1x_coco,2,"{'condition': [[91200, 4]], 'tensor1': [[91200, 4]], 'tensor2': [[91200, 4]]}"
#74,detectors_htc_r50_1x_coco,2,"{'condition': [[22800, 4]], 'tensor1': [[22800, 4]], 'tensor2': [[22800, 4]]}"
#75,detectors_htc_r50_1x_coco,2,"{'condition': [[5700, 4]], 'tensor1': [[5700, 4]], 'tensor2': [[5700, 4]]}"
#76,detectors_htc_r50_1x_coco,2,"{'condition': [[1482, 4]], 'tensor1': [[1482, 4]], 'tensor2': [[1482, 4]]}"
#77,detectors_htc_r50_1x_coco,1,"{'condition': [[6, 4]], 'tensor1': [[6, 4]], 'tensor2': [[6, 4]]}"
#78,detectors_htc_r50_1x_coco,1,"{'condition': [[4, 4]], 'tensor1': [[4, 4]], 'tensor2': [[4, 4]]}"
#79,detectors_htc_r50_1x_coco,1,"{'condition': [[3, 4]], 'tensor1': [[3, 4]], 'tensor2': [[3, 4]]}"
#80,detectors_htc_r50_1x_coco,1,"{'condition': [[374400, 4]], 'tensor1': [[374400, 4]], 'tensor2': [[374400, 4]]}"
#81,detectors_htc_r50_1x_coco,1,"{'condition': [[93600, 4]], 'tensor1': [[93600, 4]], 'tensor2': [[93600, 4]]}"
#82,detectors_htc_r50_1x_coco,1,"{'condition': [[23400, 4]], 'tensor1': [[23400, 4]], 'tensor2': [[23400, 4]]}"
#83,detectors_htc_r50_1x_coco,1,"{'condition': [[5850, 4]], 'tensor1': [[5850, 4]], 'tensor2': [[5850, 4]]}"
#84,detectors_htc_r50_1x_coco,1,"{'condition': [[1560, 4]], 'tensor1': [[1560, 4]], 'tensor2': [[1560, 4]]}"
#85,detectors_htc_r50_1x_coco,1,"{'condition': [[14, 4]], 'tensor1': [[14, 4]], 'tensor2': [[14, 4]]}"
#86,detectors_htc_r50_1x_coco,2,"{'condition': [[13, 4]], 'tensor1': [[13, 4]], 'tensor2': [[13, 4]]}"
#87,detectors_htc_r50_1x_coco,1,"{'condition': [[56, 4]], 'tensor1': [[56, 4]], 'tensor2': [[56, 4]]}"
#88,detectors_htc_r50_1x_coco,1,"{'condition': [[45, 4]], 'tensor1': [[45, 4]], 'tensor2': [[45, 4]]}"
#89,detectors_htc_r50_1x_coco,1,"{'condition': [[44, 4]], 'tensor1': [[44, 4]], 'tensor2': [[44, 4]]}"
#90,fovea_align_r101_fpn_gn-head_4x4_2x_coco,1,"{'condition': [[257, 4]], 'tensor1': [[257, 4]], 'tensor2': [[257, 4]]}"
#91,fovea_align_r101_fpn_gn-head_4x4_2x_coco,1,"{'condition': [[233, 4]], 'tensor1': [[233, 4]], 'tensor2': [[233, 4]]}"
#92,fovea_align_r101_fpn_gn-head_4x4_2x_coco,1,"{'condition': [[207, 4]], 'tensor1': [[207, 4]], 'tensor2': [[207, 4]]}"
#93,fovea_align_r101_fpn_gn-head_4x4_2x_coco,1,"{'condition': [[115, 4]], 'tensor1': [[115, 4]], 'tensor2': [[115, 4]]}"
#94,fovea_align_r101_fpn_gn-head_4x4_2x_coco,1,"{'condition': [[99, 4]], 'tensor1': [[99, 4]], 'tensor2': [[99, 4]]}"
#95,sabl_faster_rcnn_r50_fpn_1x_coco,5,"{'condition': [[1024, 28]], 'tensor1': [[1024, 28]], 'tensor2': [[1024, 28]]}"
#96,libra_faster_rcnn_x101_64x4d_fpn_1x_coco,2,"{'condition': [[29, 4]], 'tensor1': [[29, 4]], 'tensor2': [[29, 4]]}"
#97,libra_faster_rcnn_x101_64x4d_fpn_1x_coco,1,"{'condition': [[18, 4]], 'tensor1': [[18, 4]], 'tensor2': [[18, 4]]}"
#98,libra_faster_rcnn_x101_64x4d_fpn_1x_coco,1,"{'condition': [[14, 4]], 'tensor1': [[14, 4]], 'tensor2': [[14, 4]]}"
#99,libra_faster_rcnn_x101_64x4d_fpn_1x_coco,1,"{'condition': [[58, 4]], 'tensor1': [[58, 4]], 'tensor2': [[58, 4]]}"
#100,cascade_mask_rcnn_r101_fpn_mstrain_3x_coco,1,"{'condition': [[338688, 4]], 'tensor1': [[338688, 4]], 'tensor2': [[338688, 4]]}"
#101,cascade_mask_rcnn_r101_fpn_mstrain_3x_coco,1,"{'condition': [[84672, 4]], 'tensor1': [[84672, 4]], 'tensor2': [[84672, 4]]}"
#102,cascade_mask_rcnn_r101_fpn_mstrain_3x_coco,1,"{'condition': [[21168, 4]], 'tensor1': [[21168, 4]], 'tensor2': [[21168, 4]]}"
#103,cascade_mask_rcnn_r101_fpn_mstrain_3x_coco,1,"{'condition': [[5292, 4]], 'tensor1': [[5292, 4]], 'tensor2': [[5292, 4]]}"
#104,cascade_mask_rcnn_r101_fpn_mstrain_3x_coco,1,"{'condition': [[1386, 4]], 'tensor1': [[1386, 4]], 'tensor2': [[1386, 4]]}"
#105,cascade_mask_rcnn_r101_fpn_mstrain_3x_coco,1,"{'condition': [[44, 4]], 'tensor1': [[44, 4]], 'tensor2': [[44, 4]]}"
#106,cascade_mask_rcnn_r101_fpn_mstrain_3x_coco,10,"{'condition': [[1024]], 'tensor1': [[1024]], 'tensor2': [[1024]]}"
#107,cascade_mask_rcnn_r101_fpn_mstrain_3x_coco,2,"{'condition': [[24, 4]], 'tensor1': [[24, 4]], 'tensor2': [[24, 4]]}"
#108,cascade_mask_rcnn_r101_fpn_mstrain_3x_coco,1,"{'condition': [[20, 4]], 'tensor1': [[20, 4]], 'tensor2': [[20, 4]]}"
#109,cascade_mask_rcnn_r101_fpn_mstrain_3x_coco,1,"{'condition': [[374400, 4]], 'tensor1': [[374400, 4]], 'tensor2': [[374400, 4]]}"
#110,cascade_mask_rcnn_r101_fpn_mstrain_3x_coco,1,"{'condition': [[93600, 4]], 'tensor1': [[93600, 4]], 'tensor2': [[93600, 4]]}"
#111,cascade_mask_rcnn_r101_fpn_mstrain_3x_coco,1,"{'condition': [[23400, 4]], 'tensor1': [[23400, 4]], 'tensor2': [[23400, 4]]}"
#112,cascade_mask_rcnn_r101_fpn_mstrain_3x_coco,1,"{'condition': [[5850, 4]], 'tensor1': [[5850, 4]], 'tensor2': [[5850, 4]]}"
#113,cascade_mask_rcnn_r101_fpn_mstrain_3x_coco,1,"{'condition': [[1560, 4]], 'tensor1': [[1560, 4]], 'tensor2': [[1560, 4]]}"
#114,cascade_mask_rcnn_r101_fpn_mstrain_3x_coco,1,"{'condition': [[33, 4]], 'tensor1': [[33, 4]], 'tensor2': [[33, 4]]}"
#115,cascade_mask_rcnn_r101_fpn_mstrain_3x_coco,1,"{'condition': [[21, 4]], 'tensor1': [[21, 4]], 'tensor2': [[21, 4]]}"
#116,cascade_mask_rcnn_r101_fpn_mstrain_3x_coco,1,"{'condition': [[16, 4]], 'tensor1': [[16, 4]], 'tensor2': [[16, 4]]}"
#117,cascade_mask_rcnn_r101_fpn_mstrain_3x_coco,1,"{'condition': [[326400, 4]], 'tensor1': [[326400, 4]], 'tensor2': [[326400, 4]]}"
#118,cascade_mask_rcnn_r101_fpn_mstrain_3x_coco,1,"{'condition': [[81600, 4]], 'tensor1': [[81600, 4]], 'tensor2': [[81600, 4]]}"
#119,cascade_mask_rcnn_r101_fpn_mstrain_3x_coco,1,"{'condition': [[20400, 4]], 'tensor1': [[20400, 4]], 'tensor2': [[20400, 4]]}"
#120,cascade_mask_rcnn_r101_fpn_mstrain_3x_coco,1,"{'condition': [[5100, 4]], 'tensor1': [[5100, 4]], 'tensor2': [[5100, 4]]}"
#121,cascade_mask_rcnn_r101_fpn_mstrain_3x_coco,2,"{'condition': [[1326, 4]], 'tensor1': [[1326, 4]], 'tensor2': [[1326, 4]]}"
#122,cascade_mask_rcnn_r101_fpn_mstrain_3x_coco,1,"{'condition': [[15, 4]], 'tensor1': [[15, 4]], 'tensor2': [[15, 4]]}"
#123,cascade_mask_rcnn_r101_fpn_mstrain_3x_coco,2,"{'condition': [[10, 4]], 'tensor1': [[10, 4]], 'tensor2': [[10, 4]]}"
#124,cascade_mask_rcnn_r101_fpn_mstrain_3x_coco,1,"{'condition': [[316800, 4]], 'tensor1': [[316800, 4]], 'tensor2': [[316800, 4]]}"
#125,cascade_mask_rcnn_r101_fpn_mstrain_3x_coco,1,"{'condition': [[79200, 4]], 'tensor1': [[79200, 4]], 'tensor2': [[79200, 4]]}"
#126,cascade_mask_rcnn_r101_fpn_mstrain_3x_coco,1,"{'condition': [[19800, 4]], 'tensor1': [[19800, 4]], 'tensor2': [[19800, 4]]}"
#127,cascade_mask_rcnn_r101_fpn_mstrain_3x_coco,1,"{'condition': [[4950, 4]], 'tensor1': [[4950, 4]], 'tensor2': [[4950, 4]]}"
#128,cascade_mask_rcnn_r101_fpn_mstrain_3x_coco,1,"{'condition': [[22, 4]], 'tensor1': [[22, 4]], 'tensor2': [[22, 4]]}"
#129,cascade_mask_rcnn_r101_fpn_mstrain_3x_coco,2,"{'condition': [[11, 4]], 'tensor1': [[11, 4]], 'tensor2': [[11, 4]]}"
#130,cascade_mask_rcnn_r101_fpn_mstrain_3x_coco,1,"{'condition': [[322560, 4]], 'tensor1': [[322560, 4]], 'tensor2': [[322560, 4]]}"
#131,cascade_mask_rcnn_r101_fpn_mstrain_3x_coco,1,"{'condition': [[80640, 4]], 'tensor1': [[80640, 4]], 'tensor2': [[80640, 4]]}"
#132,cascade_mask_rcnn_r101_fpn_mstrain_3x_coco,1,"{'condition': [[20160, 4]], 'tensor1': [[20160, 4]], 'tensor2': [[20160, 4]]}"
#133,cascade_mask_rcnn_r101_fpn_mstrain_3x_coco,1,"{'condition': [[5040, 4]], 'tensor1': [[5040, 4]], 'tensor2': [[5040, 4]]}"
#134,cascade_mask_rcnn_r101_fpn_mstrain_3x_coco,1,"{'condition': [[1296, 4]], 'tensor1': [[1296, 4]], 'tensor2': [[1296, 4]]}"
#135,cascade_mask_rcnn_r101_fpn_mstrain_3x_coco,1,"{'condition': [[49, 4]], 'tensor1': [[49, 4]], 'tensor2': [[49, 4]]}"
#136,cascade_mask_rcnn_r101_fpn_mstrain_3x_coco,1,"{'condition': [[26, 4]], 'tensor1': [[26, 4]], 'tensor2': [[26, 4]]}"
#137,qdtrack_faster-rcnn_r50_fpn_4e_mot17-private-half,1,"{'condition': [[261120, 4]], 'tensor1': [[261120, 4]], 'tensor2': [[261120, 4]]}"
#138,qdtrack_faster-rcnn_r50_fpn_4e_mot17-private-half,1,"{'condition': [[65280, 4]], 'tensor1': [[65280, 4]], 'tensor2': [[65280, 4]]}"
#139,qdtrack_faster-rcnn_r50_fpn_4e_mot17-private-half,1,"{'condition': [[16320, 4]], 'tensor1': [[16320, 4]], 'tensor2': [[16320, 4]]}"
#140,qdtrack_faster-rcnn_r50_fpn_4e_mot17-private-half,1,"{'condition': [[4080, 4]], 'tensor1': [[4080, 4]], 'tensor2': [[4080, 4]]}"
#141,qdtrack_faster-rcnn_r50_fpn_4e_mot17-private-half,3,"{'condition': [[1020, 4]], 'tensor1': [[1020, 4]], 'tensor2': [[1020, 4]]}"
#142,qdtrack_faster-rcnn_r50_fpn_4e_mot17-private-half,2,"{'condition': [[248064, 4]], 'tensor1': [[248064, 4]], 'tensor2': [[248064, 4]]}"
#143,qdtrack_faster-rcnn_r50_fpn_4e_mot17-private-half,2,"{'condition': [[62016, 4]], 'tensor1': [[62016, 4]], 'tensor2': [[62016, 4]]}"
#144,qdtrack_faster-rcnn_r50_fpn_4e_mot17-private-half,2,"{'condition': [[15504, 4]], 'tensor1': [[15504, 4]], 'tensor2': [[15504, 4]]}"
#145,qdtrack_faster-rcnn_r50_fpn_4e_mot17-private-half,2,"{'condition': [[3876, 4]], 'tensor1': [[3876, 4]], 'tensor2': [[3876, 4]]}"
#146,qdtrack_faster-rcnn_r50_fpn_4e_mot17-private-half,2,"{'condition': [[300288, 4]], 'tensor1': [[300288, 4]], 'tensor2': [[300288, 4]]}"
#147,qdtrack_faster-rcnn_r50_fpn_4e_mot17-private-half,2,"{'condition': [[75072, 4]], 'tensor1': [[75072, 4]], 'tensor2': [[75072, 4]]}"
#148,qdtrack_faster-rcnn_r50_fpn_4e_mot17-private-half,2,"{'condition': [[18768, 4]], 'tensor1': [[18768, 4]], 'tensor2': [[18768, 4]]}"
#149,qdtrack_faster-rcnn_r50_fpn_4e_mot17-private-half,2,"{'condition': [[4692, 4]], 'tensor1': [[4692, 4]], 'tensor2': [[4692, 4]]}"
#150,qdtrack_faster-rcnn_r50_fpn_4e_mot17-private-half,2,"{'condition': [[1224, 4]], 'tensor1': [[1224, 4]], 'tensor2': [[1224, 4]]}"
#151,centripetalnet_hourglass104_mstest_16x6_210e_coco,60,"{'condition': [[6, 2, 128, 128]], 'tensor1': [[6, 2, 128, 128]], 'tensor2': [[6, 2, 128, 128]]}"
#152,ssd300_coco,10,"{'condition': [[8732, 4]], 'tensor1': [[8732, 4]], 'tensor2': [[8732, 4]]}"
#153,fsdetview_r101_c4_8xb4_voc-split1_base-training,1,"{'condition': [[13, 4]], 'tensor1': [[13, 4]], 'tensor2': [[13, 4]]}"
#154,fsdetview_r101_c4_8xb4_voc-split1_base-training,1,"{'condition': [[11, 4]], 'tensor1': [[11, 4]], 'tensor2': [[11, 4]]}"
#155,fsdetview_r101_c4_8xb4_voc-split1_base-training,1,"{'condition': [[3, 4]], 'tensor1': [[3, 4]], 'tensor2': [[3, 4]]}"
#156,fsdetview_r101_c4_8xb4_voc-split1_base-training,1,"{'condition': [[10, 4]], 'tensor1': [[10, 4]], 'tensor2': [[10, 4]]}"
#157,fsdetview_r101_c4_8xb4_voc-split1_base-training,1,"{'condition': [[32, 4]], 'tensor1': [[32, 4]], 'tensor2': [[32, 4]]}"
#158,dynamic_rcnn_r50_fpn_1x_coco,1,"{'condition': [[5, 4]], 'tensor1': [[5, 4]], 'tensor2': [[5, 4]]}"
#159,dynamic_rcnn_r50_fpn_1x_coco,1,"{'condition': [[54, 4]], 'tensor1': [[54, 4]], 'tensor2': [[54, 4]]}"
#160,dynamic_rcnn_r50_fpn_1x_coco,1,"{'condition': [[23, 4]], 'tensor1': [[23, 4]], 'tensor2': [[23, 4]]}"
#161,dynamic_rcnn_r50_fpn_1x_coco,1,"{'condition': [[15, 4]], 'tensor1': [[15, 4]], 'tensor2': [[15, 4]]}"
#162,dynamic_rcnn_r50_fpn_1x_coco,1,"{'condition': [[8, 4]], 'tensor1': [[8, 4]], 'tensor2': [[8, 4]]}"
#163,cascade_mask_rcnn_r50_fpn_rsb-pretrain_1x_coco,3,"{'condition': [[326400, 4]], 'tensor1': [[326400, 4]], 'tensor2': [[326400, 4]]}"
#164,cascade_mask_rcnn_r50_fpn_rsb-pretrain_1x_coco,3,"{'condition': [[81600, 4]], 'tensor1': [[81600, 4]], 'tensor2': [[81600, 4]]}"
#165,cascade_mask_rcnn_r50_fpn_rsb-pretrain_1x_coco,3,"{'condition': [[20400, 4]], 'tensor1': [[20400, 4]], 'tensor2': [[20400, 4]]}"
#166,cascade_mask_rcnn_r50_fpn_rsb-pretrain_1x_coco,3,"{'condition': [[5100, 4]], 'tensor1': [[5100, 4]], 'tensor2': [[5100, 4]]}"
#167,cascade_mask_rcnn_r50_fpn_rsb-pretrain_1x_coco,3,"{'condition': [[1326, 4]], 'tensor1': [[1326, 4]], 'tensor2': [[1326, 4]]}"
#168,cascade_mask_rcnn_r50_fpn_rsb-pretrain_1x_coco,3,"{'condition': [[4, 4]], 'tensor1': [[4, 4]], 'tensor2': [[4, 4]]}"
#169,cascade_mask_rcnn_r50_fpn_rsb-pretrain_1x_coco,10,"{'condition': [[1024]], 'tensor1': [[1024]], 'tensor2': [[1024]]}"
#170,cascade_mask_rcnn_r50_fpn_rsb-pretrain_1x_coco,2,"{'condition': [[364800, 4]], 'tensor1': [[364800, 4]], 'tensor2': [[364800, 4]]}"
#171,cascade_mask_rcnn_r50_fpn_rsb-pretrain_1x_coco,2,"{'condition': [[91200, 4]], 'tensor1': [[91200, 4]], 'tensor2': [[91200, 4]]}"
#172,cascade_mask_rcnn_r50_fpn_rsb-pretrain_1x_coco,2,"{'condition': [[22800, 4]], 'tensor1': [[22800, 4]], 'tensor2': [[22800, 4]]}"
#173,cascade_mask_rcnn_r50_fpn_rsb-pretrain_1x_coco,2,"{'condition': [[5700, 4]], 'tensor1': [[5700, 4]], 'tensor2': [[5700, 4]]}"
#174,cascade_mask_rcnn_r50_fpn_rsb-pretrain_1x_coco,2,"{'condition': [[1482, 4]], 'tensor1': [[1482, 4]], 'tensor2': [[1482, 4]]}"
#175,cascade_mask_rcnn_r50_fpn_rsb-pretrain_1x_coco,2,"{'condition': [[13, 4]], 'tensor1': [[13, 4]], 'tensor2': [[13, 4]]}"
#176,cascade_mask_rcnn_r50_fpn_rsb-pretrain_1x_coco,1,"{'condition': [[11, 4]], 'tensor1': [[11, 4]], 'tensor2': [[11, 4]]}"
#177,cascade_mask_rcnn_r50_fpn_rsb-pretrain_1x_coco,1,"{'condition': [[10, 4]], 'tensor1': [[10, 4]], 'tensor2': [[10, 4]]}"
#178,cascade_mask_rcnn_r50_fpn_rsb-pretrain_1x_coco,1,"{'condition': [[21, 4]], 'tensor1': [[21, 4]], 'tensor2': [[21, 4]]}"
#179,cascade_mask_rcnn_r50_fpn_rsb-pretrain_1x_coco,1,"{'condition': [[9, 4]], 'tensor1': [[9, 4]], 'tensor2': [[9, 4]]}"
#180,cascade_mask_rcnn_r50_fpn_rsb-pretrain_1x_coco,1,"{'condition': [[16, 4]], 'tensor1': [[16, 4]], 'tensor2': [[16, 4]]}"
#181,cascade_mask_rcnn_r50_fpn_rsb-pretrain_1x_coco,2,"{'condition': [[12, 4]], 'tensor1': [[12, 4]], 'tensor2': [[12, 4]]}"
#182,cascade_mask_rcnn_r50_fpn_rsb-pretrain_1x_coco,1,"{'condition': [[28, 4]], 'tensor1': [[28, 4]], 'tensor2': [[28, 4]]}"
#183,cascade_mask_rcnn_r50_fpn_rsb-pretrain_1x_coco,2,"{'condition': [[23, 4]], 'tensor1': [[23, 4]], 'tensor2': [[23, 4]]}"
#184,cornernet_hourglass104_mstest_32x3_210e_coco,20,"{'condition': [[3, 2, 128, 128]], 'tensor1': [[3, 2, 128, 128]], 'tensor2': [[3, 2, 128, 128]]}"
#185,cascade_mask_rcnn_r50_fpn_instaboost_4x_coco,1,"{'condition': [[345600, 4]], 'tensor1': [[345600, 4]], 'tensor2': [[345600, 4]]}"
#186,cascade_mask_rcnn_r50_fpn_instaboost_4x_coco,1,"{'condition': [[86400, 4]], 'tensor1': [[86400, 4]], 'tensor2': [[86400, 4]]}"
#187,cascade_mask_rcnn_r50_fpn_instaboost_4x_coco,1,"{'condition': [[21600, 4]], 'tensor1': [[21600, 4]], 'tensor2': [[21600, 4]]}"
#188,cascade_mask_rcnn_r50_fpn_instaboost_4x_coco,1,"{'condition': [[5400, 4]], 'tensor1': [[5400, 4]], 'tensor2': [[5400, 4]]}"
#189,cascade_mask_rcnn_r50_fpn_instaboost_4x_coco,1,"{'condition': [[1404, 4]], 'tensor1': [[1404, 4]], 'tensor2': [[1404, 4]]}"
#190,cascade_mask_rcnn_r50_fpn_instaboost_4x_coco,1,"{'condition': [[18, 4]], 'tensor1': [[18, 4]], 'tensor2': [[18, 4]]}"
#191,cascade_mask_rcnn_r50_fpn_instaboost_4x_coco,10,"{'condition': [[1024]], 'tensor1': [[1024]], 'tensor2': [[1024]]}"
#192,cascade_mask_rcnn_r50_fpn_instaboost_4x_coco,3,"{'condition': [[13, 4]], 'tensor1': [[13, 4]], 'tensor2': [[13, 4]]}"
#193,cascade_mask_rcnn_r50_fpn_instaboost_4x_coco,2,"{'condition': [[12, 4]], 'tensor1': [[12, 4]], 'tensor2': [[12, 4]]}"
#194,cascade_mask_rcnn_r50_fpn_instaboost_4x_coco,3,"{'condition': [[326400, 4]], 'tensor1': [[326400, 4]], 'tensor2': [[326400, 4]]}"
#195,cascade_mask_rcnn_r50_fpn_instaboost_4x_coco,3,"{'condition': [[81600, 4]], 'tensor1': [[81600, 4]], 'tensor2': [[81600, 4]]}"
#196,cascade_mask_rcnn_r50_fpn_instaboost_4x_coco,3,"{'condition': [[20400, 4]], 'tensor1': [[20400, 4]], 'tensor2': [[20400, 4]]}"
#197,cascade_mask_rcnn_r50_fpn_instaboost_4x_coco,3,"{'condition': [[5100, 4]], 'tensor1': [[5100, 4]], 'tensor2': [[5100, 4]]}"
#198,cascade_mask_rcnn_r50_fpn_instaboost_4x_coco,3,"{'condition': [[1326, 4]], 'tensor1': [[1326, 4]], 'tensor2': [[1326, 4]]}"
#199,cascade_mask_rcnn_r50_fpn_instaboost_4x_coco,1,"{'condition': [[6, 4]], 'tensor1': [[6, 4]], 'tensor2': [[6, 4]]}"
#200,cascade_mask_rcnn_r50_fpn_instaboost_4x_coco,2,"{'condition': [[4, 4]], 'tensor1': [[4, 4]], 'tensor2': [[4, 4]]}"
#201,cascade_mask_rcnn_r50_fpn_instaboost_4x_coco,1,"{'condition': [[11, 4]], 'tensor1': [[11, 4]], 'tensor2': [[11, 4]]}"
#202,cascade_mask_rcnn_r50_fpn_instaboost_4x_coco,1,"{'condition': [[24, 4]], 'tensor1': [[24, 4]], 'tensor2': [[24, 4]]}"
#203,cascade_mask_rcnn_r50_fpn_instaboost_4x_coco,1,"{'condition': [[16, 4]], 'tensor1': [[16, 4]], 'tensor2': [[16, 4]]}"
#204,cascade_mask_rcnn_r50_fpn_instaboost_4x_coco,1,"{'condition': [[15, 4]], 'tensor1': [[15, 4]], 'tensor2': [[15, 4]]}"
#205,cascade_mask_rcnn_r50_fpn_instaboost_4x_coco,1,"{'condition': [[364800, 4]], 'tensor1': [[364800, 4]], 'tensor2': [[364800, 4]]}"
#206,cascade_mask_rcnn_r50_fpn_instaboost_4x_coco,1,"{'condition': [[91200, 4]], 'tensor1': [[91200, 4]], 'tensor2': [[91200, 4]]}"
#207,cascade_mask_rcnn_r50_fpn_instaboost_4x_coco,1,"{'condition': [[22800, 4]], 'tensor1': [[22800, 4]], 'tensor2': [[22800, 4]]}"
#208,cascade_mask_rcnn_r50_fpn_instaboost_4x_coco,1,"{'condition': [[5700, 4]], 'tensor1': [[5700, 4]], 'tensor2': [[5700, 4]]}"
#209,cascade_mask_rcnn_r50_fpn_instaboost_4x_coco,1,"{'condition': [[1482, 4]], 'tensor1': [[1482, 4]], 'tensor2': [[1482, 4]]}"
#210,cascade_mask_rcnn_r50_fpn_instaboost_4x_coco,1,"{'condition': [[17, 4]], 'tensor1': [[17, 4]], 'tensor2': [[17, 4]]}"
#211,cascade_mask_rcnn_r50_fpn_instaboost_4x_coco,1,"{'condition': [[10, 4]], 'tensor1': [[10, 4]], 'tensor2': [[10, 4]]}"
#212,htc_r2_101_fpn_20e_coco,1,"{'condition': [[403200, 4]], 'tensor1': [[403200, 4]], 'tensor2': [[403200, 4]]}"
#213,htc_r2_101_fpn_20e_coco,1,"{'condition': [[100800, 4]], 'tensor1': [[100800, 4]], 'tensor2': [[100800, 4]]}"
#214,htc_r2_101_fpn_20e_coco,1,"{'condition': [[25200, 4]], 'tensor1': [[25200, 4]], 'tensor2': [[25200, 4]]}"
#215,htc_r2_101_fpn_20e_coco,1,"{'condition': [[6300, 4]], 'tensor1': [[6300, 4]], 'tensor2': [[6300, 4]]}"
#216,htc_r2_101_fpn_20e_coco,1,"{'condition': [[1638, 4]], 'tensor1': [[1638, 4]], 'tensor2': [[1638, 4]]}"
#217,htc_r2_101_fpn_20e_coco,1,"{'condition': [[49, 4]], 'tensor1': [[49, 4]], 'tensor2': [[49, 4]]}"
#218,htc_r2_101_fpn_20e_coco,1,"{'condition': [[31, 4]], 'tensor1': [[31, 4]], 'tensor2': [[31, 4]]}"
#219,htc_r2_101_fpn_20e_coco,2,"{'condition': [[25, 4]], 'tensor1': [[25, 4]], 'tensor2': [[25, 4]]}"
#220,htc_r2_101_fpn_20e_coco,3,"{'condition': [[364800, 4]], 'tensor1': [[364800, 4]], 'tensor2': [[364800, 4]]}"
#221,htc_r2_101_fpn_20e_coco,3,"{'condition': [[91200, 4]], 'tensor1': [[91200, 4]], 'tensor2': [[91200, 4]]}"
#222,htc_r2_101_fpn_20e_coco,3,"{'condition': [[22800, 4]], 'tensor1': [[22800, 4]], 'tensor2': [[22800, 4]]}"
#223,htc_r2_101_fpn_20e_coco,3,"{'condition': [[5700, 4]], 'tensor1': [[5700, 4]], 'tensor2': [[5700, 4]]}"
#224,htc_r2_101_fpn_20e_coco,3,"{'condition': [[1482, 4]], 'tensor1': [[1482, 4]], 'tensor2': [[1482, 4]]}"
#225,htc_r2_101_fpn_20e_coco,1,"{'condition': [[13, 4]], 'tensor1': [[13, 4]], 'tensor2': [[13, 4]]}"
#226,htc_r2_101_fpn_20e_coco,1,"{'condition': [[11, 4]], 'tensor1': [[11, 4]], 'tensor2': [[11, 4]]}"
#227,htc_r2_101_fpn_20e_coco,1,"{'condition': [[326400, 4]], 'tensor1': [[326400, 4]], 'tensor2': [[326400, 4]]}"
#228,htc_r2_101_fpn_20e_coco,1,"{'condition': [[81600, 4]], 'tensor1': [[81600, 4]], 'tensor2': [[81600, 4]]}"
#229,htc_r2_101_fpn_20e_coco,1,"{'condition': [[20400, 4]], 'tensor1': [[20400, 4]], 'tensor2': [[20400, 4]]}"
#230,htc_r2_101_fpn_20e_coco,1,"{'condition': [[5100, 4]], 'tensor1': [[5100, 4]], 'tensor2': [[5100, 4]]}"
#231,htc_r2_101_fpn_20e_coco,1,"{'condition': [[1326, 4]], 'tensor1': [[1326, 4]], 'tensor2': [[1326, 4]]}"
#232,htc_r2_101_fpn_20e_coco,1,"{'condition': [[36, 4]], 'tensor1': [[36, 4]], 'tensor2': [[36, 4]]}"
#233,htc_r2_101_fpn_20e_coco,1,"{'condition': [[22, 4]], 'tensor1': [[22, 4]], 'tensor2': [[22, 4]]}"
#234,htc_r2_101_fpn_20e_coco,1,"{'condition': [[15, 4]], 'tensor1': [[15, 4]], 'tensor2': [[15, 4]]}"
#235,htc_r2_101_fpn_20e_coco,1,"{'condition': [[55, 4]], 'tensor1': [[55, 4]], 'tensor2': [[55, 4]]}"
#236,htc_r2_101_fpn_20e_coco,1,"{'condition': [[34, 4]], 'tensor1': [[34, 4]], 'tensor2': [[34, 4]]}"
#237,htc_r2_101_fpn_20e_coco,1,"{'condition': [[21, 4]], 'tensor1': [[21, 4]], 'tensor2': [[21, 4]]}"
#238,htc_r2_101_fpn_20e_coco,1,"{'condition': [[30, 4]], 'tensor1': [[30, 4]], 'tensor2': [[30, 4]]}"
#239,htc_r2_101_fpn_20e_coco,1,"{'condition': [[19, 4]], 'tensor1': [[19, 4]], 'tensor2': [[19, 4]]}"
#240,htc_r2_101_fpn_20e_coco,1,"{'condition': [[17, 4]], 'tensor1': [[17, 4]], 'tensor2': [[17, 4]]}"
#241,grid_rcnn_x101_32x4d_fpn_gn-head_2x_coco,3,"{'condition': [[364800, 4]], 'tensor1': [[364800, 4]], 'tensor2': [[364800, 4]]}"
#242,grid_rcnn_x101_32x4d_fpn_gn-head_2x_coco,3,"{'condition': [[91200, 4]], 'tensor1': [[91200, 4]], 'tensor2': [[91200, 4]]}"
#243,grid_rcnn_x101_32x4d_fpn_gn-head_2x_coco,3,"{'condition': [[22800, 4]], 'tensor1': [[22800, 4]], 'tensor2': [[22800, 4]]}"
#244,grid_rcnn_x101_32x4d_fpn_gn-head_2x_coco,3,"{'condition': [[5700, 4]], 'tensor1': [[5700, 4]], 'tensor2': [[5700, 4]]}"
#245,grid_rcnn_x101_32x4d_fpn_gn-head_2x_coco,3,"{'condition': [[1482, 4]], 'tensor1': [[1482, 4]], 'tensor2': [[1482, 4]]}"
#246,grid_rcnn_x101_32x4d_fpn_gn-head_2x_coco,1,"{'condition': [[345600, 4]], 'tensor1': [[345600, 4]], 'tensor2': [[345600, 4]]}"
#247,grid_rcnn_x101_32x4d_fpn_gn-head_2x_coco,1,"{'condition': [[86400, 4]], 'tensor1': [[86400, 4]], 'tensor2': [[86400, 4]]}"
#248,grid_rcnn_x101_32x4d_fpn_gn-head_2x_coco,1,"{'condition': [[21600, 4]], 'tensor1': [[21600, 4]], 'tensor2': [[21600, 4]]}"
#249,grid_rcnn_x101_32x4d_fpn_gn-head_2x_coco,1,"{'condition': [[5400, 4]], 'tensor1': [[5400, 4]], 'tensor2': [[5400, 4]]}"
#250,grid_rcnn_x101_32x4d_fpn_gn-head_2x_coco,1,"{'condition': [[1404, 4]], 'tensor1': [[1404, 4]], 'tensor2': [[1404, 4]]}"
#251,grid_rcnn_x101_32x4d_fpn_gn-head_2x_coco,1,"{'condition': [[326400, 4]], 'tensor1': [[326400, 4]], 'tensor2': [[326400, 4]]}"
#252,grid_rcnn_x101_32x4d_fpn_gn-head_2x_coco,1,"{'condition': [[81600, 4]], 'tensor1': [[81600, 4]], 'tensor2': [[81600, 4]]}"
#253,grid_rcnn_x101_32x4d_fpn_gn-head_2x_coco,1,"{'condition': [[20400, 4]], 'tensor1': [[20400, 4]], 'tensor2': [[20400, 4]]}"
#254,grid_rcnn_x101_32x4d_fpn_gn-head_2x_coco,1,"{'condition': [[5100, 4]], 'tensor1': [[5100, 4]], 'tensor2': [[5100, 4]]}"
#255,grid_rcnn_x101_32x4d_fpn_gn-head_2x_coco,1,"{'condition': [[1326, 4]], 'tensor1': [[1326, 4]], 'tensor2': [[1326, 4]]}"
#256,htc_x101_64x4d_fpn_16x1_20e_coco,4,"{'condition': [[182400, 4]], 'tensor1': [[182400, 4]], 'tensor2': [[182400, 4]]}"
#257,htc_x101_64x4d_fpn_16x1_20e_coco,4,"{'condition': [[45600, 4]], 'tensor1': [[45600, 4]], 'tensor2': [[45600, 4]]}"
#258,htc_x101_64x4d_fpn_16x1_20e_coco,4,"{'condition': [[11400, 4]], 'tensor1': [[11400, 4]], 'tensor2': [[11400, 4]]}"
#259,htc_x101_64x4d_fpn_16x1_20e_coco,4,"{'condition': [[2850, 4]], 'tensor1': [[2850, 4]], 'tensor2': [[2850, 4]]}"
#260,htc_x101_64x4d_fpn_16x1_20e_coco,4,"{'condition': [[741, 4]], 'tensor1': [[741, 4]], 'tensor2': [[741, 4]]}"
#261,htc_x101_64x4d_fpn_16x1_20e_coco,5,"{'condition': [[2, 4]], 'tensor1': [[2, 4]], 'tensor2': [[2, 4]]}"
#262,htc_x101_64x4d_fpn_16x1_20e_coco,1,"{'condition': [[6, 4]], 'tensor1': [[6, 4]], 'tensor2': [[6, 4]]}"
#263,htc_x101_64x4d_fpn_16x1_20e_coco,3,"{'condition': [[5, 4]], 'tensor1': [[5, 4]], 'tensor2': [[5, 4]]}"
#264,htc_x101_64x4d_fpn_16x1_20e_coco,1,"{'condition': [[3, 4]], 'tensor1': [[3, 4]], 'tensor2': [[3, 4]]}"
#265,htc_x101_64x4d_fpn_16x1_20e_coco,1,"{'condition': [[172800, 4]], 'tensor1': [[172800, 4]], 'tensor2': [[172800, 4]]}"
#266,htc_x101_64x4d_fpn_16x1_20e_coco,1,"{'condition': [[43200, 4]], 'tensor1': [[43200, 4]], 'tensor2': [[43200, 4]]}"
#267,htc_x101_64x4d_fpn_16x1_20e_coco,1,"{'condition': [[10800, 4]], 'tensor1': [[10800, 4]], 'tensor2': [[10800, 4]]}"
#268,htc_x101_64x4d_fpn_16x1_20e_coco,1,"{'condition': [[2700, 4]], 'tensor1': [[2700, 4]], 'tensor2': [[2700, 4]]}"
#269,htc_x101_64x4d_fpn_16x1_20e_coco,1,"{'condition': [[702, 4]], 'tensor1': [[702, 4]], 'tensor2': [[702, 4]]}"
#270,htc_x101_64x4d_fpn_16x1_20e_coco,3,"{'condition': [[1, 4]], 'tensor1': [[1, 4]], 'tensor2': [[1, 4]]}"
#271,htc_x101_64x4d_fpn_16x1_20e_coco,1,"{'condition': [[7, 4]], 'tensor1': [[7, 4]], 'tensor2': [[7, 4]]}"
#272,htc_x101_64x4d_fpn_16x1_20e_coco,1,"{'condition': [[4, 4]], 'tensor1': [[4, 4]], 'tensor2': [[4, 4]]}"
#273,scnet_x101_64x4d_fpn_20e_coco,1,"{'condition': [[403200, 4]], 'tensor1': [[403200, 4]], 'tensor2': [[403200, 4]]}"
#274,scnet_x101_64x4d_fpn_20e_coco,1,"{'condition': [[100800, 4]], 'tensor1': [[100800, 4]], 'tensor2': [[100800, 4]]}"
#275,scnet_x101_64x4d_fpn_20e_coco,1,"{'condition': [[25200, 4]], 'tensor1': [[25200, 4]], 'tensor2': [[25200, 4]]}"
#276,scnet_x101_64x4d_fpn_20e_coco,1,"{'condition': [[6300, 4]], 'tensor1': [[6300, 4]], 'tensor2': [[6300, 4]]}"
#277,scnet_x101_64x4d_fpn_20e_coco,1,"{'condition': [[1638, 4]], 'tensor1': [[1638, 4]], 'tensor2': [[1638, 4]]}"
#278,scnet_x101_64x4d_fpn_20e_coco,1,"{'condition': [[27, 4]], 'tensor1': [[27, 4]], 'tensor2': [[27, 4]]}"
#279,scnet_x101_64x4d_fpn_20e_coco,1,"{'condition': [[18, 4]], 'tensor1': [[18, 4]], 'tensor2': [[18, 4]]}"
#280,scnet_x101_64x4d_fpn_20e_coco,1,"{'condition': [[16, 4]], 'tensor1': [[16, 4]], 'tensor2': [[16, 4]]}"
#281,scnet_x101_64x4d_fpn_20e_coco,3,"{'condition': [[364800, 4]], 'tensor1': [[364800, 4]], 'tensor2': [[364800, 4]]}"
#282,scnet_x101_64x4d_fpn_20e_coco,3,"{'condition': [[91200, 4]], 'tensor1': [[91200, 4]], 'tensor2': [[91200, 4]]}"
#283,scnet_x101_64x4d_fpn_20e_coco,3,"{'condition': [[22800, 4]], 'tensor1': [[22800, 4]], 'tensor2': [[22800, 4]]}"
#284,scnet_x101_64x4d_fpn_20e_coco,3,"{'condition': [[5700, 4]], 'tensor1': [[5700, 4]], 'tensor2': [[5700, 4]]}"
#285,scnet_x101_64x4d_fpn_20e_coco,3,"{'condition': [[1482, 4]], 'tensor1': [[1482, 4]], 'tensor2': [[1482, 4]]}"
#286,scnet_x101_64x4d_fpn_20e_coco,1,"{'condition': [[19, 4]], 'tensor1': [[19, 4]], 'tensor2': [[19, 4]]}"
#287,scnet_x101_64x4d_fpn_20e_coco,3,"{'condition': [[15, 4]], 'tensor1': [[15, 4]], 'tensor2': [[15, 4]]}"
#288,scnet_x101_64x4d_fpn_20e_coco,1,"{'condition': [[13, 4]], 'tensor1': [[13, 4]], 'tensor2': [[13, 4]]}"
#289,scnet_x101_64x4d_fpn_20e_coco,1,"{'condition': [[336000, 4]], 'tensor1': [[336000, 4]], 'tensor2': [[336000, 4]]}"
#290,scnet_x101_64x4d_fpn_20e_coco,1,"{'condition': [[84000, 4]], 'tensor1': [[84000, 4]], 'tensor2': [[84000, 4]]}"
#291,scnet_x101_64x4d_fpn_20e_coco,1,"{'condition': [[21000, 4]], 'tensor1': [[21000, 4]], 'tensor2': [[21000, 4]]}"
#292,scnet_x101_64x4d_fpn_20e_coco,1,"{'condition': [[5250, 4]], 'tensor1': [[5250, 4]], 'tensor2': [[5250, 4]]}"
#293,scnet_x101_64x4d_fpn_20e_coco,1,"{'condition': [[1404, 4]], 'tensor1': [[1404, 4]], 'tensor2': [[1404, 4]]}"
#294,scnet_x101_64x4d_fpn_20e_coco,1,"{'condition': [[20, 4]], 'tensor1': [[20, 4]], 'tensor2': [[20, 4]]}"
#295,scnet_x101_64x4d_fpn_20e_coco,2,"{'condition': [[14, 4]], 'tensor1': [[14, 4]], 'tensor2': [[14, 4]]}"
#296,scnet_x101_64x4d_fpn_20e_coco,1,"{'condition': [[17, 4]], 'tensor1': [[17, 4]], 'tensor2': [[17, 4]]}"
#297,scnet_x101_64x4d_fpn_20e_coco,3,"{'condition': [[24, 4]], 'tensor1': [[24, 4]], 'tensor2': [[24, 4]]}"
#298,selsa_troialign_faster_rcnn_r50_dc5_7e_imagenetvid,3,"{'condition': [[27216, 4]], 'tensor1': [[27216, 4]], 'tensor2': [[27216, 4]]}"
#299,selsa_troialign_faster_rcnn_r50_dc5_7e_imagenetvid,2,"{'condition': [[2, 4]], 'tensor1': [[2, 4]], 'tensor2': [[2, 4]]}"
#300,selsa_troialign_faster_rcnn_r50_dc5_7e_imagenetvid,2,"{'condition': [[25992, 4]], 'tensor1': [[25992, 4]], 'tensor2': [[25992, 4]]}"
#301,selsa_troialign_faster_rcnn_r50_dc5_7e_imagenetvid,1,"{'condition': [[6, 4]], 'tensor1': [[6, 4]], 'tensor2': [[6, 4]]}"
#302,selsa_troialign_faster_rcnn_r50_dc5_7e_imagenetvid,1,"{'condition': [[3, 4]], 'tensor1': [[3, 4]], 'tensor2': [[3, 4]]}"
#303,selsa_troialign_faster_rcnn_r50_dc5_7e_imagenetvid,1,"{'condition': [[11, 4]], 'tensor1': [[11, 4]], 'tensor2': [[11, 4]]}"
#304,stylegan3_t_ada_fp16_gamma6.6_metfaces_1024_b4x8_small,135,"{'condition': [[2]], 'tensor1': [[2]], 'tensor2': [[2]]}"
#305,stylegan3_t_ada_fp16_gamma6.6_metfaces_1024_b4x8_small,30,"{'condition': [[2, 1, 1]], 'tensor1': [[2, 1, 1]], 'tensor2': [[2, 1, 1]]}"
#306,configs--face--2d_kpt_sview_rgb_img--deeppose--wflw--res50_wflw_256x256_softwingloss.py,5,"{'condition': [[2, 98, 2]], 'tensor1': [[2, 98, 2]], 'tensor2': [[2, 98, 2]]}"
#307,fgfa_faster_rcnn_r50_dc5_7e_imagenetvid,1,"{'condition': [[22800, 4]], 'tensor1': [[22800, 4]], 'tensor2': [[22800, 4]]}"
#308,fgfa_faster_rcnn_r50_dc5_7e_imagenetvid,1,"{'condition': [[13, 4]], 'tensor1': [[13, 4]], 'tensor2': [[13, 4]]}"
#309,fgfa_faster_rcnn_r50_dc5_7e_imagenetvid,1,"{'condition': [[20064, 4]], 'tensor1': [[20064, 4]], 'tensor2': [[20064, 4]]}"
#310,fgfa_faster_rcnn_r50_dc5_7e_imagenetvid,1,"{'condition': [[12, 4]], 'tensor1': [[12, 4]], 'tensor2': [[12, 4]]}"
#311,fgfa_faster_rcnn_r50_dc5_7e_imagenetvid,2,"{'condition': [[25992, 4]], 'tensor1': [[25992, 4]], 'tensor2': [[25992, 4]]}"
#312,fgfa_faster_rcnn_r50_dc5_7e_imagenetvid,1,"{'condition': [[14, 4]], 'tensor1': [[14, 4]], 'tensor2': [[14, 4]]}"
#313,fgfa_faster_rcnn_r50_dc5_7e_imagenetvid,1,"{'condition': [[27216, 4]], 'tensor1': [[27216, 4]], 'tensor2': [[27216, 4]]}"
#314,fgfa_faster_rcnn_r50_dc5_7e_imagenetvid,1,"{'condition': [[6, 4]], 'tensor1': [[6, 4]], 'tensor2': [[6, 4]]}"
#315,fgfa_faster_rcnn_r50_dc5_7e_imagenetvid,1,"{'condition': [[5, 4]], 'tensor1': [[5, 4]], 'tensor2': [[5, 4]]}"
#316,faster-rcnn_r50_fpn_4e_mot17-half,1,"{'condition': [[214272, 4]], 'tensor1': [[214272, 4]], 'tensor2': [[214272, 4]]}"
#317,faster-rcnn_r50_fpn_4e_mot17-half,1,"{'condition': [[53568, 4]], 'tensor1': [[53568, 4]], 'tensor2': [[53568, 4]]}"
#318,faster-rcnn_r50_fpn_4e_mot17-half,1,"{'condition': [[13392, 4]], 'tensor1': [[13392, 4]], 'tensor2': [[13392, 4]]}"
#319,faster-rcnn_r50_fpn_4e_mot17-half,1,"{'condition': [[3348, 4]], 'tensor1': [[3348, 4]], 'tensor2': [[3348, 4]]}"
#320,faster-rcnn_r50_fpn_4e_mot17-half,1,"{'condition': [[864, 4]], 'tensor1': [[864, 4]], 'tensor2': [[864, 4]]}"
#321,faster-rcnn_r50_fpn_4e_mot17-half,1,"{'condition': [[252, 4]], 'tensor1': [[252, 4]], 'tensor2': [[252, 4]]}"
#322,faster-rcnn_r50_fpn_4e_mot17-half,1,"{'condition': [[391680, 4]], 'tensor1': [[391680, 4]], 'tensor2': [[391680, 4]]}"
#323,faster-rcnn_r50_fpn_4e_mot17-half,1,"{'condition': [[97920, 4]], 'tensor1': [[97920, 4]], 'tensor2': [[97920, 4]]}"
#324,faster-rcnn_r50_fpn_4e_mot17-half,1,"{'condition': [[24480, 4]], 'tensor1': [[24480, 4]], 'tensor2': [[24480, 4]]}"
#325,faster-rcnn_r50_fpn_4e_mot17-half,1,"{'condition': [[6120, 4]], 'tensor1': [[6120, 4]], 'tensor2': [[6120, 4]]}"
#326,faster-rcnn_r50_fpn_4e_mot17-half,1,"{'condition': [[1530, 4]], 'tensor1': [[1530, 4]], 'tensor2': [[1530, 4]]}"
#327,faster-rcnn_r50_fpn_4e_mot17-half,1,"{'condition': [[167, 4]], 'tensor1': [[167, 4]], 'tensor2': [[167, 4]]}"
#328,faster-rcnn_r50_fpn_4e_mot17-half,1,"{'condition': [[261120, 4]], 'tensor1': [[261120, 4]], 'tensor2': [[261120, 4]]}"
#329,faster-rcnn_r50_fpn_4e_mot17-half,1,"{'condition': [[65280, 4]], 'tensor1': [[65280, 4]], 'tensor2': [[65280, 4]]}"
#330,faster-rcnn_r50_fpn_4e_mot17-half,1,"{'condition': [[16320, 4]], 'tensor1': [[16320, 4]], 'tensor2': [[16320, 4]]}"
#331,faster-rcnn_r50_fpn_4e_mot17-half,1,"{'condition': [[4080, 4]], 'tensor1': [[4080, 4]], 'tensor2': [[4080, 4]]}"
#332,faster-rcnn_r50_fpn_4e_mot17-half,1,"{'condition': [[1020, 4]], 'tensor1': [[1020, 4]], 'tensor2': [[1020, 4]]}"
#333,faster-rcnn_r50_fpn_4e_mot17-half,2,"{'condition': [[256, 4]], 'tensor1': [[256, 4]], 'tensor2': [[256, 4]]}"
#334,faster-rcnn_r50_fpn_4e_mot17-half,1,"{'condition': [[189312, 4]], 'tensor1': [[189312, 4]], 'tensor2': [[189312, 4]]}"
#335,faster-rcnn_r50_fpn_4e_mot17-half,1,"{'condition': [[47328, 4]], 'tensor1': [[47328, 4]], 'tensor2': [[47328, 4]]}"
#336,faster-rcnn_r50_fpn_4e_mot17-half,1,"{'condition': [[11832, 4]], 'tensor1': [[11832, 4]], 'tensor2': [[11832, 4]]}"
#337,faster-rcnn_r50_fpn_4e_mot17-half,1,"{'condition': [[2958, 4]], 'tensor1': [[2958, 4]], 'tensor2': [[2958, 4]]}"
#338,faster-rcnn_r50_fpn_4e_mot17-half,1,"{'condition': [[810, 4]], 'tensor1': [[810, 4]], 'tensor2': [[810, 4]]}"
#339,faster-rcnn_r50_fpn_4e_mot17-half,1,"{'condition': [[300288, 4]], 'tensor1': [[300288, 4]], 'tensor2': [[300288, 4]]}"
#340,faster-rcnn_r50_fpn_4e_mot17-half,1,"{'condition': [[75072, 4]], 'tensor1': [[75072, 4]], 'tensor2': [[75072, 4]]}"
#341,faster-rcnn_r50_fpn_4e_mot17-half,1,"{'condition': [[18768, 4]], 'tensor1': [[18768, 4]], 'tensor2': [[18768, 4]]}"
#342,faster-rcnn_r50_fpn_4e_mot17-half,1,"{'condition': [[4692, 4]], 'tensor1': [[4692, 4]], 'tensor2': [[4692, 4]]}"
#343,faster-rcnn_r50_fpn_4e_mot17-half,1,"{'condition': [[1224, 4]], 'tensor1': [[1224, 4]], 'tensor2': [[1224, 4]]}"
#344,faster-rcnn_r50_fpn_4e_mot17-half,1,"{'condition': [[223, 4]], 'tensor1': [[223, 4]], 'tensor2': [[223, 4]]}"
#345,meta-rcnn_r101_c4_8xb4_voc-split1_base-training,1,"{'condition': [[13, 4]], 'tensor1': [[13, 4]], 'tensor2': [[13, 4]]}"
#346,meta-rcnn_r101_c4_8xb4_voc-split1_base-training,1,"{'condition': [[3, 4]], 'tensor1': [[3, 4]], 'tensor2': [[3, 4]]}"
#347,meta-rcnn_r101_c4_8xb4_voc-split1_base-training,1,"{'condition': [[6, 4]], 'tensor1': [[6, 4]], 'tensor2': [[6, 4]]}"
#348,meta-rcnn_r101_c4_8xb4_voc-split1_base-training,1,"{'condition': [[5, 4]], 'tensor1': [[5, 4]], 'tensor2': [[5, 4]]}"
#349,meta-rcnn_r101_c4_8xb4_voc-split1_base-training,1,"{'condition': [[32, 4]], 'tensor1': [[32, 4]], 'tensor2': [[32, 4]]}"
#350,dff_faster_rcnn_r50_dc5_7e_imagenetvid,3,"{'condition': [[27216, 4]], 'tensor1': [[27216, 4]], 'tensor2': [[27216, 4]]}"
#351,dff_faster_rcnn_r50_dc5_7e_imagenetvid,1,"{'condition': [[6, 4]], 'tensor1': [[6, 4]], 'tensor2': [[6, 4]]}"
#352,dff_faster_rcnn_r50_dc5_7e_imagenetvid,1,"{'condition': [[25992, 4]], 'tensor1': [[25992, 4]], 'tensor2': [[25992, 4]]}"
#353,dff_faster_rcnn_r50_dc5_7e_imagenetvid,1,"{'condition': [[4, 4]], 'tensor1': [[4, 4]], 'tensor2': [[4, 4]]}"
#354,dff_faster_rcnn_r50_dc5_7e_imagenetvid,1,"{'condition': [[11, 4]], 'tensor1': [[11, 4]], 'tensor2': [[11, 4]]}"
#355,dff_faster_rcnn_r50_dc5_7e_imagenetvid,1,"{'condition': [[17328, 4]], 'tensor1': [[17328, 4]], 'tensor2': [[17328, 4]]}"
#356,dff_faster_rcnn_r50_dc5_7e_imagenetvid,1,"{'condition': [[9, 4]], 'tensor1': [[9, 4]], 'tensor2': [[9, 4]]}"
#357,dff_faster_rcnn_r50_dc5_7e_imagenetvid,1,"{'condition': [[3, 4]], 'tensor1': [[3, 4]], 'tensor2': [[3, 4]]}"
#358,cascade_mask_rcnn_x101_32x4d_fpn_dconv_c3-c5_1x_coco,1,"{'condition': [[326400, 4]], 'tensor1': [[326400, 4]], 'tensor2': [[326400, 4]]}"
#359,cascade_mask_rcnn_x101_32x4d_fpn_dconv_c3-c5_1x_coco,1,"{'condition': [[81600, 4]], 'tensor1': [[81600, 4]], 'tensor2': [[81600, 4]]}"
#360,cascade_mask_rcnn_x101_32x4d_fpn_dconv_c3-c5_1x_coco,1,"{'condition': [[20400, 4]], 'tensor1': [[20400, 4]], 'tensor2': [[20400, 4]]}"
#361,cascade_mask_rcnn_x101_32x4d_fpn_dconv_c3-c5_1x_coco,1,"{'condition': [[5100, 4]], 'tensor1': [[5100, 4]], 'tensor2': [[5100, 4]]}"
#362,cascade_mask_rcnn_x101_32x4d_fpn_dconv_c3-c5_1x_coco,1,"{'condition': [[1326, 4]], 'tensor1': [[1326, 4]], 'tensor2': [[1326, 4]]}"
#363,cascade_mask_rcnn_x101_32x4d_fpn_dconv_c3-c5_1x_coco,1,"{'condition': [[8, 4]], 'tensor1': [[8, 4]], 'tensor2': [[8, 4]]}"
#364,cascade_mask_rcnn_x101_32x4d_fpn_dconv_c3-c5_1x_coco,10,"{'condition': [[1024]], 'tensor1': [[1024]], 'tensor2': [[1024]]}"
#365,cascade_mask_rcnn_x101_32x4d_fpn_dconv_c3-c5_1x_coco,1,"{'condition': [[7, 4]], 'tensor1': [[7, 4]], 'tensor2': [[7, 4]]}"
#366,cascade_mask_rcnn_x101_32x4d_fpn_dconv_c3-c5_1x_coco,1,"{'condition': [[6, 4]], 'tensor1': [[6, 4]], 'tensor2': [[6, 4]]}"
#367,cascade_mask_rcnn_x101_32x4d_fpn_dconv_c3-c5_1x_coco,4,"{'condition': [[364800, 4]], 'tensor1': [[364800, 4]], 'tensor2': [[364800, 4]]}"
#368,cascade_mask_rcnn_x101_32x4d_fpn_dconv_c3-c5_1x_coco,4,"{'condition': [[91200, 4]], 'tensor1': [[91200, 4]], 'tensor2': [[91200, 4]]}"
#369,cascade_mask_rcnn_x101_32x4d_fpn_dconv_c3-c5_1x_coco,4,"{'condition': [[22800, 4]], 'tensor1': [[22800, 4]], 'tensor2': [[22800, 4]]}"
#370,cascade_mask_rcnn_x101_32x4d_fpn_dconv_c3-c5_1x_coco,4,"{'condition': [[5700, 4]], 'tensor1': [[5700, 4]], 'tensor2': [[5700, 4]]}"
#371,cascade_mask_rcnn_x101_32x4d_fpn_dconv_c3-c5_1x_coco,4,"{'condition': [[1482, 4]], 'tensor1': [[1482, 4]], 'tensor2': [[1482, 4]]}"
#372,cascade_mask_rcnn_x101_32x4d_fpn_dconv_c3-c5_1x_coco,1,"{'condition': [[97, 4]], 'tensor1': [[97, 4]], 'tensor2': [[97, 4]]}"
#373,cascade_mask_rcnn_x101_32x4d_fpn_dconv_c3-c5_1x_coco,1,"{'condition': [[62, 4]], 'tensor1': [[62, 4]], 'tensor2': [[62, 4]]}"
#374,cascade_mask_rcnn_x101_32x4d_fpn_dconv_c3-c5_1x_coco,1,"{'condition': [[45, 4]], 'tensor1': [[45, 4]], 'tensor2': [[45, 4]]}"
#375,cascade_mask_rcnn_x101_32x4d_fpn_dconv_c3-c5_1x_coco,1,"{'condition': [[24, 4]], 'tensor1': [[24, 4]], 'tensor2': [[24, 4]]}"
#376,cascade_mask_rcnn_x101_32x4d_fpn_dconv_c3-c5_1x_coco,1,"{'condition': [[21, 4]], 'tensor1': [[21, 4]], 'tensor2': [[21, 4]]}"
#377,cascade_mask_rcnn_x101_32x4d_fpn_dconv_c3-c5_1x_coco,1,"{'condition': [[17, 4]], 'tensor1': [[17, 4]], 'tensor2': [[17, 4]]}"
#378,cascade_mask_rcnn_x101_32x4d_fpn_dconv_c3-c5_1x_coco,3,"{'condition': [[4, 4]], 'tensor1': [[4, 4]], 'tensor2': [[4, 4]]}"
#379,cascade_mask_rcnn_x101_32x4d_fpn_dconv_c3-c5_1x_coco,1,"{'condition': [[20, 4]], 'tensor1': [[20, 4]], 'tensor2': [[20, 4]]}"
#380,cascade_mask_rcnn_x101_32x4d_fpn_dconv_c3-c5_1x_coco,1,"{'condition': [[12, 4]], 'tensor1': [[12, 4]], 'tensor2': [[12, 4]]}"
#381,cascade_mask_rcnn_x101_32x4d_fpn_dconv_c3-c5_1x_coco,1,"{'condition': [[11, 4]], 'tensor1': [[11, 4]], 'tensor2': [[11, 4]]}"
#382,ga_rpn_x101_32x4d_fpn_1x_coco,3,"{'condition': [[121600, 4]], 'tensor1': [[121600, 4]], 'tensor2': [[121600, 4]]}"
#383,ga_rpn_x101_32x4d_fpn_1x_coco,3,"{'condition': [[30400, 4]], 'tensor1': [[30400, 4]], 'tensor2': [[30400, 4]]}"
#384,ga_rpn_x101_32x4d_fpn_1x_coco,3,"{'condition': [[7600, 4]], 'tensor1': [[7600, 4]], 'tensor2': [[7600, 4]]}"
#385,ga_rpn_x101_32x4d_fpn_1x_coco,3,"{'condition': [[1900, 4]], 'tensor1': [[1900, 4]], 'tensor2': [[1900, 4]]}"
#386,ga_rpn_x101_32x4d_fpn_1x_coco,3,"{'condition': [[494, 4]], 'tensor1': [[494, 4]], 'tensor2': [[494, 4]]}"
#387,ga_rpn_x101_32x4d_fpn_1x_coco,1,"{'condition': [[83, 4]], 'tensor1': [[83, 4]], 'tensor2': [[83, 4]]}"
#388,ga_rpn_x101_32x4d_fpn_1x_coco,1,"{'condition': [[42, 4]], 'tensor1': [[42, 4]], 'tensor2': [[42, 4]]}"
#389,ga_rpn_x101_32x4d_fpn_1x_coco,1,"{'condition': [[14, 4]], 'tensor1': [[14, 4]], 'tensor2': [[14, 4]]}"
#390,ga_rpn_x101_32x4d_fpn_1x_coco,1,"{'condition': [[24, 4]], 'tensor1': [[24, 4]], 'tensor2': [[24, 4]]}"
#391,ga_rpn_x101_32x4d_fpn_1x_coco,1,"{'condition': [[3, 4]], 'tensor1': [[3, 4]], 'tensor2': [[3, 4]]}"
#392,ga_rpn_x101_32x4d_fpn_1x_coco,2,"{'condition': [[108800, 4]], 'tensor1': [[108800, 4]], 'tensor2': [[108800, 4]]}"
#393,ga_rpn_x101_32x4d_fpn_1x_coco,2,"{'condition': [[27200, 4]], 'tensor1': [[27200, 4]], 'tensor2': [[27200, 4]]}"
#394,ga_rpn_x101_32x4d_fpn_1x_coco,2,"{'condition': [[6800, 4]], 'tensor1': [[6800, 4]], 'tensor2': [[6800, 4]]}"
#395,ga_rpn_x101_32x4d_fpn_1x_coco,2,"{'condition': [[1700, 4]], 'tensor1': [[1700, 4]], 'tensor2': [[1700, 4]]}"
#396,ga_rpn_x101_32x4d_fpn_1x_coco,2,"{'condition': [[442, 4]], 'tensor1': [[442, 4]], 'tensor2': [[442, 4]]}"
#397,ga_rpn_x101_32x4d_fpn_1x_coco,1,"{'condition': [[102, 4]], 'tensor1': [[102, 4]], 'tensor2': [[102, 4]]}"
#398,ga_rpn_x101_32x4d_fpn_1x_coco,1,"{'condition': [[108, 4]], 'tensor1': [[108, 4]], 'tensor2': [[108, 4]]}"
#399,ga_rpn_x101_32x4d_fpn_1x_coco,2,"{'condition': [[17, 4]], 'tensor1': [[17, 4]], 'tensor2': [[17, 4]]}"
#400,ga_rpn_x101_32x4d_fpn_1x_coco,1,"{'condition': [[22, 4]], 'tensor1': [[22, 4]], 'tensor2': [[22, 4]]}"
#401,ga_rpn_x101_32x4d_fpn_1x_coco,1,"{'condition': [[4, 4]], 'tensor1': [[4, 4]], 'tensor2': [[4, 4]]}"
#402,ga_rpn_x101_32x4d_fpn_1x_coco,1,"{'condition': [[18, 4]], 'tensor1': [[18, 4]], 'tensor2': [[18, 4]]}"
#403,ga_rpn_x101_32x4d_fpn_1x_coco,1,"{'condition': [[29, 4]], 'tensor1': [[29, 4]], 'tensor2': [[29, 4]]}"
#404,ga_rpn_x101_32x4d_fpn_1x_coco,1,"{'condition': [[2, 4]], 'tensor1': [[2, 4]], 'tensor2': [[2, 4]]}"
#405,ga_rpn_x101_32x4d_fpn_1x_coco,1,"{'condition': [[57, 4]], 'tensor1': [[57, 4]], 'tensor2': [[57, 4]]}"
#406,ga_rpn_x101_32x4d_fpn_1x_coco,1,"{'condition': [[20, 4]], 'tensor1': [[20, 4]], 'tensor2': [[20, 4]]}"
#407,ga_rpn_x101_32x4d_fpn_1x_coco,1,"{'condition': [[34, 4]], 'tensor1': [[34, 4]], 'tensor2': [[34, 4]]}"
#408,ga_rpn_x101_32x4d_fpn_1x_coco,1,"{'condition': [[30, 4]], 'tensor1': [[30, 4]], 'tensor2': [[30, 4]]}"
#409,ga_rpn_x101_32x4d_fpn_1x_coco,1,"{'condition': [[6, 4]], 'tensor1': [[6, 4]], 'tensor2': [[6, 4]]}"
#410,ga_rpn_x101_32x4d_fpn_1x_coco,1,"{'condition': [[50, 4]], 'tensor1': [[50, 4]], 'tensor2': [[50, 4]]}"
#411,ga_rpn_x101_32x4d_fpn_1x_coco,1,"{'condition': [[16, 4]], 'tensor1': [[16, 4]], 'tensor2': [[16, 4]]}"
#412,ga_rpn_x101_32x4d_fpn_1x_coco,1,"{'condition': [[9, 4]], 'tensor1': [[9, 4]], 'tensor2': [[9, 4]]}"
#413,panoptic_fpn_r50_fpn_1x_coco,2,"{'condition': [[2, 1, 200, 304]], 'tensor1': [[2, 1, 200, 304]], 'tensor2': [[2, 1, 200, 304]]}"
#414,panoptic_fpn_r50_fpn_1x_coco,2,"{'condition': [[2, 1, 200, 328]], 'tensor1': [[2, 1, 200, 328]], 'tensor2': [[2, 1, 200, 328]]}"
#415,panoptic_fpn_r50_fpn_1x_coco,2,"{'condition': [[2, 1, 200, 200]], 'tensor1': [[2, 1, 200, 200]], 'tensor2': [[2, 1, 200, 200]]}"
#416,panoptic_fpn_r50_fpn_1x_coco,4,"{'condition': [[2, 1, 200, 272]], 'tensor1': [[2, 1, 200, 272]], 'tensor2': [[2, 1, 200, 272]]}"
#417,retinanet_r50_caffe_fpn_1x_coco_v1,3,"{'condition': [[273600, 4]], 'tensor1': [[273600, 4]], 'tensor2': [[273600, 4]]}"
#418,retinanet_r50_caffe_fpn_1x_coco_v1,3,"{'condition': [[68400, 4]], 'tensor1': [[68400, 4]], 'tensor2': [[68400, 4]]}"
#419,retinanet_r50_caffe_fpn_1x_coco_v1,3,"{'condition': [[17100, 4]], 'tensor1': [[17100, 4]], 'tensor2': [[17100, 4]]}"
#420,retinanet_r50_caffe_fpn_1x_coco_v1,3,"{'condition': [[4446, 4]], 'tensor1': [[4446, 4]], 'tensor2': [[4446, 4]]}"
#421,retinanet_r50_caffe_fpn_1x_coco_v1,3,"{'condition': [[1260, 4]], 'tensor1': [[1260, 4]], 'tensor2': [[1260, 4]]}"
#422,retinanet_r50_caffe_fpn_1x_coco_v1,2,"{'condition': [[244800, 4]], 'tensor1': [[244800, 4]], 'tensor2': [[244800, 4]]}"
#423,retinanet_r50_caffe_fpn_1x_coco_v1,2,"{'condition': [[61200, 4]], 'tensor1': [[61200, 4]], 'tensor2': [[61200, 4]]}"
#424,retinanet_r50_caffe_fpn_1x_coco_v1,2,"{'condition': [[15300, 4]], 'tensor1': [[15300, 4]], 'tensor2': [[15300, 4]]}"
#425,retinanet_r50_caffe_fpn_1x_coco_v1,2,"{'condition': [[3978, 4]], 'tensor1': [[3978, 4]], 'tensor2': [[3978, 4]]}"
#426,retinanet_r50_caffe_fpn_1x_coco_v1,2,"{'condition': [[1134, 4]], 'tensor1': [[1134, 4]], 'tensor2': [[1134, 4]]}"
#427,ssdlite_mobilenetv2_scratch_600e_coco,120,"{'condition': [[3234, 4]], 'tensor1': [[3234, 4]], 'tensor2': [[3234, 4]]}"
#428,mpsr_r101_fpn_2xb2_voc-split1_base-training,1,"{'condition': [[47424, 4]], 'tensor1': [[47424, 4]], 'tensor2': [[47424, 4]]}"
#429,mpsr_r101_fpn_2xb2_voc-split1_base-training,1,"{'condition': [[11856, 4]], 'tensor1': [[11856, 4]], 'tensor2': [[11856, 4]]}"
#430,mpsr_r101_fpn_2xb2_voc-split1_base-training,1,"{'condition': [[2964, 4]], 'tensor1': [[2964, 4]], 'tensor2': [[2964, 4]]}"
#431,mpsr_r101_fpn_2xb2_voc-split1_base-training,1,"{'condition': [[741, 4]], 'tensor1': [[741, 4]], 'tensor2': [[741, 4]]}"
#432,mpsr_r101_fpn_2xb2_voc-split1_base-training,1,"{'condition': [[210, 4]], 'tensor1': [[210, 4]], 'tensor2': [[210, 4]]}"
#433,mpsr_r101_fpn_2xb2_voc-split1_base-training,1,"{'condition': [[1, 4]], 'tensor1': [[1, 4]], 'tensor2': [[1, 4]]}"
#434,mpsr_r101_fpn_2xb2_voc-split1_base-training,3,"{'condition': [[42432, 4]], 'tensor1': [[42432, 4]], 'tensor2': [[42432, 4]]}"
#435,mpsr_r101_fpn_2xb2_voc-split1_base-training,3,"{'condition': [[10608, 4]], 'tensor1': [[10608, 4]], 'tensor2': [[10608, 4]]}"
#436,mpsr_r101_fpn_2xb2_voc-split1_base-training,3,"{'condition': [[2652, 4]], 'tensor1': [[2652, 4]], 'tensor2': [[2652, 4]]}"
#437,mpsr_r101_fpn_2xb2_voc-split1_base-training,3,"{'condition': [[663, 4]], 'tensor1': [[663, 4]], 'tensor2': [[663, 4]]}"
#438,mpsr_r101_fpn_2xb2_voc-split1_base-training,3,"{'condition': [[189, 4]], 'tensor1': [[189, 4]], 'tensor2': [[189, 4]]}"
#439,mpsr_r101_fpn_2xb2_voc-split1_base-training,1,"{'condition': [[13, 4]], 'tensor1': [[13, 4]], 'tensor2': [[13, 4]]}"
#440,mpsr_r101_fpn_2xb2_voc-split1_base-training,1,"{'condition': [[3, 4]], 'tensor1': [[3, 4]], 'tensor2': [[3, 4]]}"
#441,mpsr_r101_fpn_2xb2_voc-split1_base-training,1,"{'condition': [[34944, 4]], 'tensor1': [[34944, 4]], 'tensor2': [[34944, 4]]}"
#442,mpsr_r101_fpn_2xb2_voc-split1_base-training,1,"{'condition': [[8736, 4]], 'tensor1': [[8736, 4]], 'tensor2': [[8736, 4]]}"
#443,mpsr_r101_fpn_2xb2_voc-split1_base-training,1,"{'condition': [[2184, 4]], 'tensor1': [[2184, 4]], 'tensor2': [[2184, 4]]}"
#444,mpsr_r101_fpn_2xb2_voc-split1_base-training,1,"{'condition': [[546, 4]], 'tensor1': [[546, 4]], 'tensor2': [[546, 4]]}"
#445,mpsr_r101_fpn_2xb2_voc-split1_base-training,1,"{'condition': [[147, 4]], 'tensor1': [[147, 4]], 'tensor2': [[147, 4]]}"
#446,mpsr_r101_fpn_2xb2_voc-split1_base-training,1,"{'condition': [[2, 4]], 'tensor1': [[2, 4]], 'tensor2': [[2, 4]]}"
#447,mpsr_r101_fpn_2xb2_voc-split1_base-training,1,"{'condition': [[18, 4]], 'tensor1': [[18, 4]], 'tensor2': [[18, 4]]}"
#448,pisa_ssd300_coco,1,"{'condition': [[209, 4]], 'tensor1': [[209, 4]], 'tensor2': [[209, 4]]}"
#449,pisa_ssd300_coco,40,"{'condition': [[8732, 4]], 'tensor1': [[8732, 4]], 'tensor2': [[8732, 4]]}"
#450,pisa_ssd300_coco,1,"{'condition': [[145, 4]], 'tensor1': [[145, 4]], 'tensor2': [[145, 4]]}"
#451,pisa_ssd300_coco,1,"{'condition': [[247, 4]], 'tensor1': [[247, 4]], 'tensor2': [[247, 4]]}"
#452,pisa_ssd300_coco,1,"{'condition': [[168, 4]], 'tensor1': [[168, 4]], 'tensor2': [[168, 4]]}"
#453,pisa_ssd300_coco,1,"{'condition': [[314, 4]], 'tensor1': [[314, 4]], 'tensor2': [[314, 4]]}"
#454,cascade_rcnn_r50_fpn_1x_coco,2,"{'condition': [[163200, 4]], 'tensor1': [[163200, 4]], 'tensor2': [[163200, 4]]}"
#455,cascade_rcnn_r50_fpn_1x_coco,2,"{'condition': [[40800, 4]], 'tensor1': [[40800, 4]], 'tensor2': [[40800, 4]]}"
#456,cascade_rcnn_r50_fpn_1x_coco,2,"{'condition': [[10200, 4]], 'tensor1': [[10200, 4]], 'tensor2': [[10200, 4]]}"
#457,cascade_rcnn_r50_fpn_1x_coco,2,"{'condition': [[2550, 4]], 'tensor1': [[2550, 4]], 'tensor2': [[2550, 4]]}"
#458,cascade_rcnn_r50_fpn_1x_coco,2,"{'condition': [[663, 4]], 'tensor1': [[663, 4]], 'tensor2': [[663, 4]]}"
#459,cascade_rcnn_r50_fpn_1x_coco,3,"{'condition': [[14, 4]], 'tensor1': [[14, 4]], 'tensor2': [[14, 4]]}"
#460,cascade_rcnn_r50_fpn_1x_coco,10,"{'condition': [[512]], 'tensor1': [[512]], 'tensor2': [[512]]}"
#461,cascade_rcnn_r50_fpn_1x_coco,1,"{'condition': [[10, 4]], 'tensor1': [[10, 4]], 'tensor2': [[10, 4]]}"
#462,cascade_rcnn_r50_fpn_1x_coco,1,"{'condition': [[8, 4]], 'tensor1': [[8, 4]], 'tensor2': [[8, 4]]}"
#463,cascade_rcnn_r50_fpn_1x_coco,2,"{'condition': [[182400, 4]], 'tensor1': [[182400, 4]], 'tensor2': [[182400, 4]]}"
#464,cascade_rcnn_r50_fpn_1x_coco,2,"{'condition': [[45600, 4]], 'tensor1': [[45600, 4]], 'tensor2': [[45600, 4]]}"
#465,cascade_rcnn_r50_fpn_1x_coco,2,"{'condition': [[11400, 4]], 'tensor1': [[11400, 4]], 'tensor2': [[11400, 4]]}"
#466,cascade_rcnn_r50_fpn_1x_coco,2,"{'condition': [[2850, 4]], 'tensor1': [[2850, 4]], 'tensor2': [[2850, 4]]}"
#467,cascade_rcnn_r50_fpn_1x_coco,3,"{'condition': [[741, 4]], 'tensor1': [[741, 4]], 'tensor2': [[741, 4]]}"
#468,cascade_rcnn_r50_fpn_1x_coco,1,"{'condition': [[23, 4]], 'tensor1': [[23, 4]], 'tensor2': [[23, 4]]}"
#469,cascade_rcnn_r50_fpn_1x_coco,1,"{'condition': [[177600, 4]], 'tensor1': [[177600, 4]], 'tensor2': [[177600, 4]]}"
#470,cascade_rcnn_r50_fpn_1x_coco,1,"{'condition': [[44400, 4]], 'tensor1': [[44400, 4]], 'tensor2': [[44400, 4]]}"
#471,cascade_rcnn_r50_fpn_1x_coco,1,"{'condition': [[11100, 4]], 'tensor1': [[11100, 4]], 'tensor2': [[11100, 4]]}"
#472,cascade_rcnn_r50_fpn_1x_coco,1,"{'condition': [[2775, 4]], 'tensor1': [[2775, 4]], 'tensor2': [[2775, 4]]}"
#473,cascade_rcnn_r50_fpn_1x_coco,1,"{'condition': [[18, 4]], 'tensor1': [[18, 4]], 'tensor2': [[18, 4]]}"
#474,cascade_rcnn_r50_fpn_1x_coco,1,"{'condition': [[15, 4]], 'tensor1': [[15, 4]], 'tensor2': [[15, 4]]}"
#475,cascade_rcnn_r50_fpn_1x_coco,1,"{'condition': [[13, 4]], 'tensor1': [[13, 4]], 'tensor2': [[13, 4]]}"
#476,cascade_rcnn_r50_fpn_1x_coco,1,"{'condition': [[7, 4]], 'tensor1': [[7, 4]], 'tensor2': [[7, 4]]}"
#477,cascade_rcnn_r50_fpn_1x_coco,1,"{'condition': [[5, 4]], 'tensor1': [[5, 4]], 'tensor2': [[5, 4]]}"
#478,cascade_rcnn_r50_fpn_1x_coco,1,"{'condition': [[4, 4]], 'tensor1': [[4, 4]], 'tensor2': [[4, 4]]}"
#479,cascade_rcnn_r50_fpn_1x_coco,1,"{'condition': [[2, 4]], 'tensor1': [[2, 4]], 'tensor2': [[2, 4]]}"
#480,cascade_rcnn_r50_fpn_1x_coco,2,"{'condition': [[1, 4]], 'tensor1': [[1, 4]], 'tensor2': [[1, 4]]}"
#481,configs--body--2d_kpt_sview_rgb_img--topdown_heatmap--coco--res50_coco_256x192_awing.py,5,"{'condition': [[2, 17, 64, 48]], 'tensor1': [[2, 17, 64, 48]], 'tensor2': [[2, 17, 64, 48]]}"
#482,selsa_faster_rcnn_r50_dc5_7e_imagenetvid,3,"{'condition': [[27216, 4]], 'tensor1': [[27216, 4]], 'tensor2': [[27216, 4]]}"
#483,selsa_faster_rcnn_r50_dc5_7e_imagenetvid,1,"{'condition': [[10, 4]], 'tensor1': [[10, 4]], 'tensor2': [[10, 4]]}"
#484,selsa_faster_rcnn_r50_dc5_7e_imagenetvid,1,"{'condition': [[8, 4]], 'tensor1': [[8, 4]], 'tensor2': [[8, 4]]}"
#485,selsa_faster_rcnn_r50_dc5_7e_imagenetvid,1,"{'condition': [[26460, 4]], 'tensor1': [[26460, 4]], 'tensor2': [[26460, 4]]}"
#486,selsa_faster_rcnn_r50_dc5_7e_imagenetvid,1,"{'condition': [[14, 4]], 'tensor1': [[14, 4]], 'tensor2': [[14, 4]]}"
#487,selsa_faster_rcnn_r50_dc5_7e_imagenetvid,1,"{'condition': [[25992, 4]], 'tensor1': [[25992, 4]], 'tensor2': [[25992, 4]]}"
#488,selsa_faster_rcnn_r50_dc5_7e_imagenetvid,2,"{'condition': [[1, 4]], 'tensor1': [[1, 4]], 'tensor2': [[1, 4]]}"
